{"cameraMode":{"drawMode":0,"name":"Shaded","section":"Shading Mode"},"sceneLighting":true,"audioPlay":false,"sceneViewState":{"m_AlwaysRefresh":false,"showFog":true,"showSkybox":true,"showFlares":true,"showImageEffects":true,"showParticleSystems":true,"showVisualEffectGraphs":true,"m_FxEnabled":true},"in2DMode":false,"pivot":{"x":6.808871269226074,"y":0.9994503259658814,"z":-2.817991256713867},"rotation":{"x":0.23202574253082276,"y":0.13229180872440339,"z":-0.03187457099556923,"w":0.9631563425064087},"size":7.981314659118652,"orthographic":false}